{
    "MAE": 0.006320912280295155,
    "RMSE": 0.008368703634284675,
    "R2": 0.9874136760631137
}