{
    "MAE": 0.006959573635462635,
    "RMSE": 0.008720794567479694,
    "R2": 0.9883128367189662
}