{
    "MAE": 1.589461326599121,
    "RMSE": 1.9672073125839233,
    "R2": 0.9875112175941467
}