{
    "MAE": 0.006983706829055111,
    "RMSE": 0.008676835790270333,
    "R2": 0.9876884382800059
}