{
    "MAE": 0.007083315503700535,
    "RMSE": 0.008798654134399491,
    "R2": 0.9873418517680969
}